"conversation_id_str","created_at","favorite_count","full_text","id_str","image_url","in_reply_to_screen_name","lang","location","quote_count","reply_count","retweet_count","tweet_url","user_id_str","username"
"1954330718752129464","Sat Aug 09 23:58:27 +0000 2025","0","@endah_setyawati Kakak @endah_setyawati maafin ya atas kendala gak bisa aktifkan Hotspot Aci sarankan untuk ubah setting perangkat untuk personal hotspot di iPhone silakan ikuti langkah-langkah berikut : - Masuk ke Settings - Pilih Cellular - Masuk ke Cellular Data Network - Pengaturan paling","1954331474158858424","","endah_setyawati","in","","0","1","0","https://x.com/undefined/status/1954331474158858424","255409050",
"1954330222347825320","Sat Aug 09 23:57:26 +0000 2025","0","@sing_1771 Hi Kak @sing_1771 kuotanya akan habis/hangus sesuai masa aktif paket nya yaa -Nala","1954331216209162564","","sing_1771","in","","0","0","0","https://x.com/undefined/status/1954331216209162564","255409050",
"1954327528216383780","Sat Aug 09 23:56:52 +0000 2025","0","@bailawho Banyak paket promolho di aplikasi MyTelkomsel Kak Cek semua penawarannya yuk dan pilih paket yang paling cocok dengan kebutuhan Kakak ya -Kiano","1954331074139713865","","bailawho","in","","0","0","0","https://x.com/undefined/status/1954331074139713865","255409050",
"1954327097234817428","Sat Aug 09 23:55:35 +0000 2025","0","@mmekis_ Waduh ada kendala apa nih dengan nomor Telkomselnya Kak? Boleh infoin detailnya yuk biar kami bantu penanganan lebih lanjut ya -Kiano","1954330752952439184","","mmekis_","in","","0","0","0","https://x.com/undefined/status/1954330752952439184","255409050",
"1954330718752129464","Sat Aug 09 23:55:27 +0000 2025","0","Kenapa nih @Telkomsel https://t.co/PYeY8NKlwW","1954330718752129464","https://pbs.twimg.com/media/Gx8taqZaoAAg_SL.jpg","","in","","0","1","0","https://x.com/undefined/status/1954330718752129464","49193816",
"1954329814187577855","Sat Aug 09 23:54:22 +0000 2025","1","@dwecimal Yuk Kak @dwecimal DM nya akan segera dibalas ya -Aci","1954330444927053861","","dwecimal","in","","0","0","0","https://x.com/undefined/status/1954330444927053861","255409050",
"1954330222347825320","Sat Aug 09 23:53:29 +0000 2025","0","@Telkomsel 479Mb akan dihanguskan? https://t.co/hWH7Xhe5Ip","1954330222347825320","https://pbs.twimg.com/media/Gx8s8oiaYAALDtG.jpg","Telkomsel","in","","0","1","0","https://x.com/undefined/status/1954330222347825320","308393533",
"1954329814187577855","Sat Aug 09 23:51:52 +0000 2025","0","@Telkomsel kak tolong cek dm yaa","1954329814187577855","","Telkomsel","in","","0","1","0","https://x.com/undefined/status/1954329814187577855","729503083114446848",
"1954328156246339758","Sat Aug 09 23:47:50 +0000 2025","0","@imflovely @imflovely Telkomsel sering banget ngeluarin paket baru mulai dari harga sampai kuota dan benefit tambahan. Yuk lebih di eksplor MyTelkomsel atau bisa jg cek di UMB *363# buat liat promo menarik lainnya -Nala","1954328800717861012","","imflovely","in","","1","0","0","https://x.com/undefined/status/1954328800717861012","255409050",
"1954327234828992529","Sat Aug 09 23:43:23 +0000 2025","0","@imflovely Boleh Kak @imflovely. DM nya akan segera dibalas ya -Aci","1954327680192770321","","imflovely","in","","0","0","0","https://x.com/undefined/status/1954327680192770321","255409050",
"1954327528216383780","Sat Aug 09 23:42:47 +0000 2025","0","telkomsel ini kapitalis sekali yh","1954327528216383780","","","in","","0","1","0","https://x.com/undefined/status/1954327528216383780","1405848781346643968",
"1954324564672159768","Sat Aug 09 23:41:33 +0000 2025","0","@presidentrenjun @presidentrenjun Oke Kak Jei. Pau cek DM kakak udah masuk dalam antrian nih. Ditunggu balasannya oke -Pau","1954327220685766810","","presidentrenjun","in","","0","0","0","https://x.com/undefined/status/1954327220685766810","255409050",
"1954327097234817428","Sat Aug 09 23:41:04 +0000 2025","0","Telkomsel ON OL. Nek ga ketaut ng akun bank email wes tak guak mbudd.","1954327097234817428","","","in","","0","1","0","https://x.com/undefined/status/1954327097234817428","1077440679603724288",
"1954324564672159768","Sat Aug 09 23:37:53 +0000 2025","0","@Telkomsel Ditunggu min ","1954326296122790028","","Telkomsel","in","","0","1","0","https://x.com/undefined/status/1954326296122790028","1814587193199108098",
"1954202358746853588","Sat Aug 09 23:37:17 +0000 2025","0","@mmekis_ @mmekis_ Sip Kak Ald meluncur ke DM yaaa ~. Mohon ditunggu -Wendy","1954326147954811005","","mmekis_","in","","0","0","0","https://x.com/undefined/status/1954326147954811005","255409050",
"1954322151525507329","Sat Aug 09 23:36:39 +0000 2025","0","@sclouvs @sclouvs Boleh Kak Sasa. Ditunggu responnya ya -Nala","1954325986893525205","","sclouvs","in","","0","0","0","https://x.com/undefined/status/1954325986893525205","255409050",
"1954202358746853588","Sat Aug 09 23:35:07 +0000 2025","0","@Telkomsel cek dm","1954325600254275660","","Telkomsel","tr","","0","1","0","https://x.com/undefined/status/1954325600254275660","1077440679603724288",
"1954180629748470167","Sat Aug 09 23:34:27 +0000 2025","0","@iv4nm4ixco @iv4nm4ixco kak Ivan maafin ya. Pau cek DM kakak udah masuk dalam antrian. Ditunggu balasannya ya-Pau","1954325431748050996","","iv4nm4ixco","in","","0","1","0","https://x.com/undefined/status/1954325431748050996","255409050",
"1954324564672159768","Sat Aug 09 23:32:29 +0000 2025","0","@presidentrenjun @presidentrenjun Siap Kak Jei langsung meluncur ke DM Kakak -Nala","1954324937399001240","","presidentrenjun","in","","0","1","0","https://x.com/undefined/status/1954324937399001240","255409050",
"1954324564194033710","Sat Aug 09 23:31:00 +0000 2025","0","yg mau nambah masa aktif kartu tanpa isi pulsa isey caramewo adaa 30 hari XL 8k INDOSAT 9k TELKOMSEL 16k 4 bulan TRI 10k bisa order ke wa di bio yaa (belakangnya 6715) atau tele di bio (ttehtarik) #zonauang O16 https://t.co/ZzHLLKIPKk","1954324564194033710","","","in","","0","0","0","https://x.com/undefined/status/1954324564194033710","1424666514787950592",
"1954322151525507329","Sat Aug 09 23:27:47 +0000 2025","0","@sclouvs @sclouvs Maaf ya Kak Sasa tarif penawaran paketnya terdapat penyesuaian sesuai profil masing-masing nomor. Kakak jangan khawatir coba Pau bantu cek paket yang lebih terjangkau ya yuk infoin nomor Telkomselnya lewat DM :) -Pau","1954323756199166342","","sclouvs","in","","0","1","0","https://x.com/undefined/status/1954323756199166342","255409050",
"1954322265765740785","Sat Aug 09 23:27:24 +0000 2025","0","@ginkgo_kooo06 Siap Kak @ginkgo_kooo06 DMnya juga udah masuk antrian ya. Mohon ditunggu -Wendy","1954323660271174056","","ginkgo_kooo06","in","","0","0","0","https://x.com/undefined/status/1954323660271174056","255409050",
"1954322151525507329","Sat Aug 09 23:25:19 +0000 2025","0","@Telkomsel promo menarik apaan kaga ada yg promo kocakkk","1954323132472562109","","Telkomsel","in","","0","2","0","https://x.com/undefined/status/1954323132472562109","1187601269046661120",
"1954202358746853588","Sat Aug 09 23:24:32 +0000 2025","0","@mmekis_ @mmekis_ Duh maafin banget Kak Ald jadi bete sama kuota gabisa digunainnya . Wendy coba cek dulu kalau gitu ya Kak boleh Kakak infoin nomor hp tanggal jam kejadian lokasi (kec kel kota) dan Nomor Telkomsel lain berkendala sama (jika ada) di DM ya Kak. Makasih -Wendy","1954322936418173006","","mmekis_","in","","0","1","0","https://x.com/undefined/status/1954322936418173006","255409050",
"1954322151525507329","Sat Aug 09 23:24:18 +0000 2025","0","@sclouvs @sclouvs Halo Kak Sasa. Paket Telkomsel dapat berubah-ubah menyesuaikan profil pelanggan loh kak. Kakak udah cek aplikasi MyTelkomsel-nya belom? Yuk dicek dulu jangan sampai kelewat promo menarik-nya terkait kendala gagal pembeliannya boleh infoin nomor Telkomsel sama capture","1954322879031751069","","sclouvs","in","","0","1","0","https://x.com/undefined/status/1954322879031751069","255409050",
"1954322265765740785","Sat Aug 09 23:24:04 +0000 2025","0","@ginkgo_kooo06 Maaf jadi gak nyaman ya Kak @ginkgo_kooo06 infoin nomor Telkomsel-nya ke DM biar dibantu cek makasih :) -Nala","1954322820210839845","","ginkgo_kooo06","in","","0","1","0","https://x.com/undefined/status/1954322820210839845","255409050",
"1954322160362860770","Sat Aug 09 23:21:27 +0000 2025","0","Keliatannya senasib dgn si mas ini. Ada yg punya solusi? https://t.co/PS2961ZvDB","1954322160362860770","","","in","","0","2","0","https://x.com/undefined/status/1954322160362860770","43258431",
"1954322151525507329","Sat Aug 09 23:21:25 +0000 2025","0","haloo @Telkomsel kenapa ya saya gabisa beli paket data yang biasanya saya beli? udah update app dll tetep aja error. tiba mau beli yg lain harganya pada dinaikin semua huhuh jahat https://t.co/cqwexk3J1K","1954322151525507329","https://pbs.twimg.com/media/Gx8loo9aAAAr5jM.jpg","","in","","1","1","0","https://x.com/undefined/status/1954322151525507329","1187601269046661120",
"1953708031180697856","Sat Aug 09 23:18:21 +0000 2025","0","@chanhaesun Hai Kak. Kalau nanti Kakak pakai Telkomsel dan ada kendala dengan nomornya kami selalu siap bantu ya -Kiano","1954321381874884810","","chanhaesun","in","","0","0","0","https://x.com/undefined/status/1954321381874884810","255409050",
"1954318698573115481","Sat Aug 09 23:07:41 +0000 2025","0","ready yaa pulsa kuota tsel byu telkomsel tri 3 xl axis indosat isat tf harga murah #zonauang","1954318698573115481","","","in","","0","0","0","https://x.com/undefined/status/1954318698573115481","748817222689124352",
"1954180629748470167","Sat Aug 09 22:58:11 +0000 2025","0","@iv4nm4ixco @iv4nm4ixco Sip Kak Ivan untuk kendala jaringannya pasti akan dibantu kok Kak. Mohon tunggu pengecekan dan respon dari temen Wendy terlebih dahulu ya. Makasih :) -Wendy","1954316307941454088","","iv4nm4ixco","in","","0","0","0","https://x.com/undefined/status/1954316307941454088","255409050",
"1954313537477882280","Sat Aug 09 22:47:11 +0000 2025","0","(111) #zonauang halooo~ yg butuh gestun cv pulsa &amp; saldo ewallet/qris/bank bisa langsung wa di bio yaaaw t. jasa convert wtt tukar trade dana spay ovo gopay bank pencairan cairin yup kredivo bca jenius paylater credit card indosat telkomsel xl smartfren byu by.u axis","1954313537477882280","","","in","","0","0","0","https://x.com/undefined/status/1954313537477882280","2658696811",
"1954308432418513163","Sat Aug 09 22:28:26 +0000 2025","0","@alieezii @alieezii Hi Kak. Buat promonya masih banyak lho yang tersedia dan bisa Kakak aktivasi sesuai sama kebutuhannya. Jangan lupa buat cek berkala biar ga ketinggalan promo menarik lainnya. -Beeru","1954308820685226179","","alieezii","in","","0","0","0","https://x.com/undefined/status/1954308820685226179","255409050",
"1954204099219705878","Sat Aug 09 22:27:29 +0000 2025","0","@alieezii @meltsunshine Kak @alieezii bisa cek reward lain di aplikasi MyTelkomsel ya masih banyak ko yang menarik Kak -Aci","1954308580641038458","","alieezii","in","","0","1","0","https://x.com/undefined/status/1954308580641038458","255409050",
"1954204099219705878","Sat Aug 09 22:25:12 +0000 2025","0","@meltsunshine @Telkomsel mjb iyaaa weh sekarang klaim reward kuota udah gaada ","1954308003689341245","","meltsunshine","in","","0","2","0","https://x.com/undefined/status/1954308003689341245","1205320020181471237",
"1954280177606791565","Sat Aug 09 22:18:16 +0000 2025","0","@gummyhanie Nah kalau Kakak sendiri pake nomor Telkomsel juga ga nih? -Kiano","1954306262948315372","","gummyhanie","in","","0","0","0","https://x.com/undefined/status/1954306262948315372","255409050",
"1953957304791077224","Sat Aug 09 22:16:17 +0000 2025","0","@Cenderamantra @Cenderamantra Siap Kak Loki DM segera direspon. Mohon ditunggu -Nabil","1954305763142406218","","Cenderamantra","in","","0","0","0","https://x.com/undefined/status/1954305763142406218","255409050",
"1953957304791077224","Sat Aug 09 22:14:26 +0000 2025","0","@Telkomsel Sudah saya dm min","1954305295859302513","","Telkomsel","in","","0","1","0","https://x.com/undefined/status/1954305295859302513","1099141351986188289",
"1954303381784424705","Sat Aug 09 22:09:17 +0000 2025","0","@vegaregita @vegaregita Helo Kak Vega maaf banget soal koneksinya yang nggak lancar Boleh minta infoin no Telkomsel lokasi detail (kel kec kota) tanggal waktu kejadian dan no Telkomsel lain yg berkendala sama via DM? Biar tim kami langsung bantu cek ya -Nabil","1954303998531633459","","vegaregita","in","","0","0","0","https://x.com/undefined/status/1954303998531633459","255409050",
"1954303381784424705","Sat Aug 09 22:06:50 +0000 2025","0","@Telkomsel ini udah berbulan2 jaringan jelek banget sumpaahhh Masa ngelag terus bawaannya haduh mana tiap beli kuota selalu gede tapi jaringan sampah bgt ","1954303381784424705","","Telkomsel","in","","0","1","0","https://x.com/undefined/status/1954303381784424705","243515286",
"1954271545054114155","Sat Aug 09 21:41:19 +0000 2025","0","@deppychan Tenang Kak ada banyak banget cara nambah masa aktif nomor Telkomsel Kak dari aktivasi paket atau gift paket pun bisa kalau Kakak mau juga ada alternatif pembelian paket masa aktif lho Kak -Kiano","1954296963639488709","","deppychan","in","","0","1","0","https://x.com/undefined/status/1954296963639488709","255409050",
"1954296962171474065","Sat Aug 09 21:41:19 +0000 2025","0","(04) open convert pulsa indosat xl telkomsel by.u tri axis bisa ditukar ke e-wallet &amp; bank ️ contact: https://t.co/omihXPUDc9 #zonauang t. jasa cv tukar tuker wtt want to trade rate tsel isat im3 three 3 byu","1954296962171474065","","","in","","0","0","0","https://x.com/undefined/status/1954296962171474065","2658696811",
"1954266669859410358","Sat Aug 09 21:39:38 +0000 2025","0","@ilovdimsumm Jangan khawatir Kak boleh cek lagi aplikasi MyTelkomselnya yuk banyak penawaran paket promo menarik menanti Kakak lho -Kiano","1954296539326857474","","ilovdimsumm","in","","0","0","0","https://x.com/undefined/status/1954296539326857474","255409050",
"1954263141455651220","Sat Aug 09 21:38:22 +0000 2025","0","@recedentesiast Kak Mis biasanya suka aktifin paket yang mana nih Kak? Boleh cek lagi aplikasi MyTelkomselnya yuk lagi banyak penawaran paket promo menarik lho Kak -Kiano","1954296219901231292","","recedentesiast","in","","0","0","0","https://x.com/undefined/status/1954296219901231292","255409050",
"1954256482750570632","Sat Aug 09 21:36:48 +0000 2025","0","@yabunyon Duh maafin kalau merasa terganggu ya Kak jika ingin kami bantu blokir SMSnya bisa langsung infoin nomor Kakak ke DM ya -Kiano","1954295827088003112","","yabunyon","in","","0","1","0","https://x.com/undefined/status/1954295827088003112","255409050",
"1954291352818364444","Sat Aug 09 21:21:14 +0000 2025","0","@baimputeh @baimputeh Halo Kak Baim maaf banget atas kendala paket roamingnya Pembelian paket yang sudah aktif tidak bisa dibatalkan tapi kami bisa bantu cek biar paketnya bisa digunakan. Mohon kirim DM nomor Telkomsel lokasi detail Kakak sekarang tanggal &amp; waktu kejadian serta","1954291908572062119","","baimputeh","in","","0","0","0","https://x.com/undefined/status/1954291908572062119","255409050",
"1954291352818364444","Sat Aug 09 21:19:02 +0000 2025","0","Hallo admin saya pengguna paket roaming Amerika dengan harga 600 RB. Sampai saat ini paket internetan saya tidak bisa digunakan apa kah pembelian saya bisa dibatalkan? @Telkomsel","1954291352818364444","","","in","","0","2","0","https://x.com/undefined/status/1954291352818364444","230188530",
"1954271545054114155","Sat Aug 09 20:00:19 +0000 2025","1","Beli pulsa 5rb ternyata masa aktif cuma 7 hari. Kartu as Telkomsel anjnggg. Jadi inget iklan jaman dulu kartu as isi pulsa berapapun aktif selamanya. Aku ngerasa akhir2 ini kok dikit2 kena masa tenggang ternyata masa aktif tergantung nominal pulsa yg dibeli. KAPITALIS ANJGGG","1954271545054114155","","","in","","0","1","0","https://x.com/undefined/status/1954271545054114155","98318430",
"1823226226263437455","Sat Aug 09 19:29:07 +0000 2025","0","@cumanlana @cumanlana Okeyy Kak Lana DM segera direspon. Mohon ditunggu -Nabil","1954263694210408683","","cumanlana","in","","0","1","0","https://x.com/undefined/status/1954263694210408683","255409050",
"1954263141455651220","Sat Aug 09 19:26:56 +0000 2025","0","Telkomsel ke tai mahal doang","1954263141455651220","","","in","","0","1","0","https://x.com/undefined/status/1954263141455651220","314935966",
"1954256482750570632","Sat Aug 09 19:00:28 +0000 2025","0","Nomor telkomsel gue 1 hari bisa 3 kali ditelepon 'kami dari rupiah cepat' Terus sms spam juga dan harus stop satu-satu lagi ribetin banget Ini telkomsel beneran jualin nomor konsumen buat program myads mereka nomor xl gue bebas dari sms begini https://t.co/8Sg3h9G9N5","1954256482750570632","https://pbs.twimg.com/media/Gx7p6MLbAAAKtGT.jpg","","in","","0","1","0","https://x.com/undefined/status/1954256482750570632","1173871446",
"1954254864588140564","Sat Aug 09 18:57:32 +0000 2025","1","@iwaueo @iwaueo Telkomsel Poin bisa Kakak tukar dengan bergam penawaran menarik seperti diskon dari merchant yang bekerja sama dengan Telkomsel atau penawaran menarik lainnya ya. Yuk tuker Telkomsel Poinnya di aplikasi MyTelkomsel pada menu Reward Kak. Informasi lengkapnya terkait","1954255744993505484","","iwaueo","in","","0","0","0","https://x.com/undefined/status/1954255744993505484","255409050",
"1954113620117180766","Sat Aug 09 18:55:46 +0000 2025","0","@titikordinat @titikordinat Kami bantu cek ya Kak boleh infoin nomor Telkomselnya via DM makasih. -Nabil","1954255301785563268","","titikordinat","in","","0","0","0","https://x.com/undefined/status/1954255301785563268","255409050",
"1954247564766908914","Sat Aug 09 18:41:09 +0000 2025","0","@elliannnnnnn @elliannnnnnn Siaap Kak El DM segera direspon. Mohon ditunggu -Nabil","1954251622093296108","","elliannnnnnn","in","","0","0","0","https://x.com/undefined/status/1954251622093296108","255409050",
"1954247564766908914","Sat Aug 09 18:37:24 +0000 2025","0","@Telkomsel Udah di DM min bales dong","1954250677817053382","","Telkomsel","in","","0","1","0","https://x.com/undefined/status/1954250677817053382","1324396445768671232",
"1954247681427316902","Sat Aug 09 18:34:32 +0000 2025","0","@hafizhariomkmn @hafizhariomkmn Oke siap Kak Apis. DM nya sudah masuk antrian ya. Rekan di DM akan segera merespons. Mohon ditunggu -Rai","1954249954798837884","","hafizhariomkmn","in","","0","0","0","https://x.com/undefined/status/1954249954798837884","255409050",
"1954247681427316902","Sat Aug 09 18:30:05 +0000 2025","0","@hafizhariomkmn @hafizhariomkmn Kak Apis maaf kalau ada layanan kami yang bikin kurang nyaman Biar bisa dibantu cek kirim DM nomor Telkomsel lokasi detail (kel kec kota) tanggal &amp; waktu kejadiannya ya -Nabil","1954248837260059023","","hafizhariomkmn","in","","0","1","0","https://x.com/undefined/status/1954248837260059023","255409050",
"1954247564766908914","Sat Aug 09 18:28:56 +0000 2025","0","@elliannnnnnn @elliannnnnnn Maaf banget ya Kak lanjut infoin datanya ke DM biar dibantu rekan kami ya -Nabil","1954248546791858341","","elliannnnnnn","in","","0","1","0","https://x.com/undefined/status/1954248546791858341","255409050",
"1954247404825588079","Sat Aug 09 18:26:10 +0000 2025","0","@hafizhariomkmn @hafizhariomkmn Kak Apis alami kendala jaringan ya? Maafin Agar jaringannya normal lagi silakan kirim ke DM nomor HP nomor lain yang alami kendala sama jika ada tanggal waktu kejadian dan detail lokasi ke DM ya. -Beeru","1954247850646491619","","hafizhariomkmn","in","","0","0","0","https://x.com/undefined/status/1954247850646491619","255409050",
"1954236301131354595","Sat Aug 09 18:24:20 +0000 2025","0","@IBGGDRN Kak Ai biasanya suka aktifin paket apa nih Kak? Banyak paket promo lho di aplikasi MyTelkomsel Kak cek semua penawaran yuk dan pilih paket yang paling sesuai dengan kebutuhan Kakak ya -Kiano","1954247388375519269","","IBGGDRN","in","","0","1","0","https://x.com/undefined/status/1954247388375519269","255409050",
"1954234336703865268","Sat Aug 09 18:22:03 +0000 2025","0","@Xhirendang Kendalanya mulai dari jam berapa itu Kak? -Kiano","1954246814934450258","","Xhirendang","in","","0","1","0","https://x.com/undefined/status/1954246814934450258","255409050",
"1952897098535584081","Sat Aug 09 18:15:30 +0000 2025","0","@WahyuWeid @Telkomsel Berapaan kak?","1954245167835382253","","WahyuWeid","in","","0","0","0","https://x.com/undefined/status/1954245167835382253","1193432980053581824",
"1954243301558886623","Sat Aug 09 18:10:01 +0000 2025","0","@hyunferreteu @hyunferreteu Helo Kak Ra. Maafin ya kalau layanan dan harganya belum sesuai ekspektasi Kami saranin pilih paket yg sesuai kebutuhan Kakak ya dan cek secara berkala aplikasi MyTelkomsel untuk penawaran dan promo menarik disana ya Kak -Nabil","1954243788727362006","","hyunferreteu","in","","0","0","0","https://x.com/undefined/status/1954243788727362006","255409050",
"1954243301558886623","Sat Aug 09 18:08:05 +0000 2025","0","@Telkomsel kenapa mahal banget sihh ","1954243301558886623","","Telkomsel","in","","0","1","0","https://x.com/undefined/status/1954243301558886623","1298465228133249025",
"1954240644366708990","Sat Aug 09 18:02:38 +0000 2025","0","@dsnls08 @dsnls08 Kak Des bisa infoin dulu nomor HP-nya ke DM untuk dibantu cek lebih lanjut yaa. -Beeru","1954241926812823584","","dsnls08","in","","0","0","0","https://x.com/undefined/status/1954241926812823584","255409050",
"1954240644366708990","Sat Aug 09 17:57:32 +0000 2025","0","Tolong bngt nih ya @Telkomsel beli yg 100 GB kok tiba2 ada pemisahan kuota? Dri awal di kasih ktrangn dong di paketnya bhwa ad kuota nasional dan kuota 5G. Ini gk ad sama sekali. Saya merasa ditipu jadinya yg 5G gk bisa di pake. Padahal udh biasa beli ini dan dulu gk ad kyk gini https://t.co/smJm0qlXzH","1954240644366708990","https://pbs.twimg.com/media/Gx7bgiub0AAKuyp.jpg","","in","","0","1","0","https://x.com/undefined/status/1954240644366708990","1557240862446596096",
"1954066445912223799","Sat Aug 09 17:50:20 +0000 2025","0","@Tempegoren56492 @Telkomsel nih ada yg kena tipu sampe belasan juta lewat telkomsel. Masa ga ditindak ...","1954238832607715388","","Tempegoren56492","in","","0","0","0","https://x.com/undefined/status/1954238832607715388","1737436630615789568",
"1954234336703865268","Sat Aug 09 17:32:28 +0000 2025","0","telkomsel/indihome malam ini ngapo lemot nian anjaiiiiiiiii","1954234336703865268","","","in","","0","1","0","https://x.com/undefined/status/1954234336703865268","1584124330127998976",
"1954229736638746901","Sat Aug 09 17:31:50 +0000 2025","0","@unaaaii @unaaaii Yuk Kak Husni infoin nomor HP nominal pulsa yang terpotong sama tanggal kejadiannya via DM biar dibantuin cek detail penggunaan pulsanya :) -Zidane","1954234178998079593","","unaaaii","in","","0","1","0","https://x.com/undefined/status/1954234178998079593","255409050",
"1954202358746853588","Sat Aug 09 17:27:23 +0000 2025","0","@Tjapgome @Tjapgome Maaf ya Kak Gema. Biar kendala ga bisa lakukan panggilannya bisa kami bantu pengecekan lebih lanjut boleh infoin dulu data-data yang sudah ditanyakan sebelumnya via DM ya. Kami tunggu -Rai","1954233059135606918","","Tjapgome","in","","0","0","0","https://x.com/undefined/status/1954233059135606918","255409050",
"1954176973053263988","Sat Aug 09 17:22:41 +0000 2025","0","@awsomii @Telkomsel haters pertama","1954231876237107251","","awsomii","in","","0","1","0","https://x.com/undefined/status/1954231876237107251","1634741909980839936",
"1954229736638746901","Sat Aug 09 17:19:42 +0000 2025","0","@unaaaii @unaaaii Hai Kak duh maaf banget soal pulsa yang tiba-tiba kepotong Apa sudah coba cek penggunaan terakhir di dial *888*77# Kak? Jika pulsanya terpotong karena akses internet tanpa paket pastikan fitur Jaga Pulsa di aplikasi MyTelkomselnya sudah Kakak aktifkan ya. -Nabil","1954231122830950760","","unaaaii","in","","0","1","0","https://x.com/undefined/status/1954231122830950760","255409050",
"1954223124620386788","Sat Aug 09 17:13:43 +0000 2025","0","@Jidundundun @Jidundundun Okay kalo gitu Kalo nanti bingung lagi pilih paketnya jangan sungkan hubungi kami dengan infoin nomor Telkomselnya langsung via DM ya. Kami selalu siap membantu. Selamat melanjutkan aktifitas Kak Jay -Rai","1954229618518716902","","Jidundundun","in","","0","0","0","https://x.com/undefined/status/1954229618518716902","255409050",
"1954176973053263988","Sat Aug 09 17:13:12 +0000 2025","0","@cheocezy @Telkomsel ihateu -ico","1954229489942303054","","cheocezy","in","","0","1","0","https://x.com/undefined/status/1954229489942303054","1508482577329704960",
"1954223124620386788","Sat Aug 09 17:10:34 +0000 2025","0","@Telkomsel Halloo minn im okeyy barusan dah memutuskan mau beli yang mana ","1954228823769440755","","Telkomsel","in","","0","1","0","https://x.com/undefined/status/1954228823769440755","1896989524099817472",
"1954202358746853588","Sat Aug 09 17:10:26 +0000 2025","0","@Tjapgome @Tjapgome Malam Kak Gema maaf banget kalau nggak bisa nelpon Sisa kuota telepon bisa dipakai sesuai ketentuan paketnya termasuk ke tujuan dan jaringannya. Biar kami bisa cek detail kendalanya kirim DM nomor Telkomsel lokasi detail (kel kec kota) tanggal &amp; waktu","1954228791267791053","","Tjapgome","in","","0","0","0","https://x.com/undefined/status/1954228791267791053","255409050",
"1954202358746853588","Sat Aug 09 17:08:38 +0000 2025","0","@Telkomsel Sisa Telpon masih ada 60 menit dan Sisa Saldo masih ada Rp 11.000 kenapa oleh operator tidak bisa melakukan panggilan?","1954228338261946846","","Telkomsel","in","","0","1","0","https://x.com/undefined/status/1954228338261946846","1657605293252157440",
"1954205824508891621","Sat Aug 09 17:07:40 +0000 2025","0","@namunirn @namunirn Maaf sudah buat Kakak nunggu ya Rai sudah colek rekan di DM agar dilakukan percepatan. Boleh cek kembali balasan DM nya secara berkala ya -Rai","1954228097848619409","","namunirn","in","","0","0","0","https://x.com/undefined/status/1954228097848619409","255409050",
"1954176973053263988","Sat Aug 09 17:06:54 +0000 2025","0","@awsomii @Telkomsel fahmi jahat","1954227903891464442","","awsomii","in","","0","1","0","https://x.com/undefined/status/1954227903891464442","1634741909980839936",
"1954205824508891621","Sat Aug 09 17:05:18 +0000 2025","0","@Telkomsel Belum ada balasan ya kak","1954227498222543149","","Telkomsel","in","","0","1","0","https://x.com/undefined/status/1954227498222543149","1118333435368525824",
"1954225664477036788","Sat Aug 09 17:02:22 +0000 2025","0","@unageaaah @unageaaah Hallo Kak @unageaaa saat ini memang ada penyesuaian harga &amp; kuota pada beberapa paket Telkomsel. Coba cek pilihan paket lainnya di MyTelkomsel atau web Telkomsel siapa tahu ada yang lebih cocok sama kebutuhan Kakak Kalau ada kendala teknis kirim DM nomor","1954226761455247469","","unageaaah","in","","0","0","0","https://x.com/undefined/status/1954226761455247469","255409050",
"1954215706654027928","Sat Aug 09 17:02:10 +0000 2025","0","@wkstuds @wkstuds Maaf ya jadi ganggu aktivitasnya Biar kendala internet lambatnya bisa kami bantu pengecekan boleh share dulu nomor Telkomselnya ke DM yuk. Infoin juga lokasi lengkap dan nomor Telkomsel lain yang berkendala sama jika ada ya -Rai","1954226712004423829","","wkstuds","in","","0","0","0","https://x.com/undefined/status/1954226712004423829","255409050",
"1954225664477036788","Sat Aug 09 16:58:00 +0000 2025","0","@Telkomsel makin lama makin ngadi² mahal benerrrr. Katanya paket buat 30 hari tapi baru 3 minggu udah abis aja pdhl w makenya cuma siang doang pas kerja. Yg biasanya 50k 20gb sekarang gaada lagi gantinya 18gb 60k anjirrrrrrr","1954225664477036788","","Telkomsel","in","","0","1","0","https://x.com/undefined/status/1954225664477036788","3171860502",
"1954202358746853588","Sat Aug 09 16:57:50 +0000 2025","0","@CoklatCokk @CoklatCokk Kenapa nih Kak Levi? Kakak bisa infoin dulu detailnya biar gaada kekeliran ya. -Beeru","1954225620298400117","","CoklatCokk","in","","0","0","0","https://x.com/undefined/status/1954225620298400117","255409050",
"1954182358523097443","Sat Aug 09 16:56:48 +0000 2025","0","@achmaadrzqiii Kak R Thank you udah terus setia sama Telkomsel. Sehat dan bahagia selalu ️-Rasya","1954225359379214548","","achmaadrzqiii","in","","0","0","0","https://x.com/undefined/status/1954225359379214548","1075673058931806208",
"1954149488471253298","Sat Aug 09 16:55:51 +0000 2025","1","@orchidiaDe Sama-sama Kak IndiHome. Makasih udah terus setia sama Telkomsel. Sehat dan bahagia selalu ️-Rasya","1954225122405196039","","orchidiaDe","in","","0","0","0","https://x.com/undefined/status/1954225122405196039","1075673058931806208",
"1954202358746853588","Sat Aug 09 16:55:49 +0000 2025","0","@Telkomsel ni telkom lama kek memek anjing","1954225112347300221","","Telkomsel","in","","0","2","0","https://x.com/undefined/status/1954225112347300221","1551241966373187584",
"1954218407504892088","Sat Aug 09 16:55:35 +0000 2025","1","@Rani320244 @MawarTechn276 @Rani320244 Haloo Kak Rani terima kasih sudah menghubungi kami Langkah awal bisa reaktivasi mandiri dengan cara dial *888*89# Jika masih terkendala infokan nomor Telkomselnya ke DM untuk pengecekan lebih lanjut makasih. -Nabil","1954225055938093492","","Rani320244","in","","0","0","0","https://x.com/undefined/status/1954225055938093492","255409050",
"1954203838094655638","Sat Aug 09 16:54:50 +0000 2025","0","@shionaga_ Bisa ko Kak ️ Udah dicoba Re-install dulu belum aplikasi MyTelkomsel-nya Kak? Yuk coba dulu biar normal lagi Kak :) -Pange","1954224866217123937","","shionaga_","in","","0","0","0","https://x.com/undefined/status/1954224866217123937","255409050",
"1954224247033000202","Sat Aug 09 16:54:18 +0000 2025","0","@lalakikretek @lalakikretek Yaah berapa banyak Kak pulsa yang hilangnya? Maafin Agar bisa dibantu cek dulu silakan kirim nomor HP tanggal kejadian pulsa awal dan pulsa akhir ke DM ya. Terima kasih. -Beeru","1954224733630964116","","lalakikretek","in","","0","0","0","https://x.com/undefined/status/1954224733630964116","255409050",
"1954215706654027928","Sat Aug 09 16:53:56 +0000 2025","0","@Telkomsel dah 4 hari suka loading min","1954224641033290195","","Telkomsel","in","","0","1","0","https://x.com/undefined/status/1954224641033290195","1733356499462971392",
"1954224247033000202","Sat Aug 09 16:52:22 +0000 2025","0","Min @Telkomsel kenapa pulsa saya kesedot terus padahal ga hidupin paketan data atau langganan apa apa parah ini","1954224247033000202","","","in","","0","1","0","https://x.com/undefined/status/1954224247033000202","1560902076",
"1954218407504892088","Sat Aug 09 16:51:34 +0000 2025","0","@MawarTechn276 Duhh.. Emang ada kendala apa sama Telkomsel-nya Kak? -Pange","1954224044238139680","","MawarTechn276","in","","0","1","0","https://x.com/undefined/status/1954224044238139680","255409050",
"1954223124620386788","Sat Aug 09 16:50:39 +0000 2025","0","@Jidundundun Jangan bingung Kak Jay. Pange bantu rekomendasiin Paket yang terbaik buat Kakak gimana? Mau ga nih Kak? -Pange","1954223815430472098","","Jidundundun","in","","0","1","0","https://x.com/undefined/status/1954223815430472098","255409050",
"1954222680959332452","Sat Aug 09 16:49:37 +0000 2025","0","@cyneima Aktivasi Paketnya via MyTelkomsel bukan Kak Nai? -Pange","1954223552829476919","","cyneima","in","","0","1","0","https://x.com/undefined/status/1954223552829476919","255409050",
"1954223124620386788","Sat Aug 09 16:47:55 +0000 2025","1","Telkomsel udah gak berpihak lagi ke gua kuota mana yang harus gua beli sekarang..","1954223124620386788","","","in","","0","1","0","https://x.com/undefined/status/1954223124620386788","1896989524099817472",
"1954221732081922513","Sat Aug 09 16:47:05 +0000 2025","0","@cervlopx Duhh.. Dari jam berapa kendalanya Kak? -Pange","1954222916129718390","","cervlopx","in","","0","0","0","https://x.com/undefined/status/1954222916129718390","255409050",
"1954221391735087583","Sat Aug 09 16:45:23 +0000 2025","0","@kyoo_moo Detail kendalanya apa nih Kak? Sini infoin dulu biar Pange bantu solusiin Kak -Pange","1954222486821949574","","kyoo_moo","in","","0","1","0","https://x.com/undefined/status/1954222486821949574","255409050",
"1954217516735369521","Sat Aug 09 16:43:46 +0000 2025","0","@acdaikindingin Pange bantu benerin sini jaringannya Kak Btw lokasi Kakak di daerah mana nih? -Pange","1954222083048952248","","acdaikindingin","in","","0","1","0","https://x.com/undefined/status/1954222083048952248","255409050",
"1954220944874258494","Sat Aug 09 16:42:51 +0000 2025","0","@bukankecapmanis @bukankecapmanis Hhuhu maaf banget ya Kak Kami bantu percepatan dan segera respon DM-nya makasih. -Nabil","1954221851619856567","","bukankecapmanis","in","","0","0","0","https://x.com/undefined/status/1954221851619856567","255409050",
"1954216922507329728","Sat Aug 09 16:42:44 +0000 2025","0","@kyuromixx Waduh udah dari kapan jaringannya suka ilang-ilangan Kak? Baru hari ini aja bukan Kak? -Pange","1954221821655495075","","kyuromixx","in","","0","1","0","https://x.com/undefined/status/1954221821655495075","255409050",
"1954216510387372245","Sat Aug 09 16:41:14 +0000 2025","0","@farhahaha Yang kendala Sinyal-nya bukan Kak? Pange bantu cek sini Kak -Pange","1954221445627744542","","farhahaha","in","","0","0","0","https://x.com/undefined/status/1954221445627744542","255409050",
"1954221391735087583","Sat Aug 09 16:41:02 +0000 2025","0","Telkomsel abis update jadi kikir banget syebal","1954221391735087583","","","in","","0","1","0","https://x.com/undefined/status/1954221391735087583","1483592746564993028",
"1954154580058771481","Sat Aug 09 16:40:52 +0000 2025","0","@Cak_Kades @Cak_Kades Kak Tuzzy maaf banget soal sinyalnya Boleh kirim no Telkomsel lokasi detail (kel kec kota) tanggal waktu kejadian dan no Telkomsel lain yg berkendala sama via DM Biar tim bisa cek dan bantu lebih lanjut Makasih udah infoin Kak! Nabil","1954221353160392932","","Cak_Kades","in","","0","0","0","https://x.com/undefined/status/1954221353160392932","255409050",
"1954215706654027928","Sat Aug 09 16:39:28 +0000 2025","0","@jjalemuel Yaampun :( Btw Kakak pake Wifi-nya IndiHome bukan Kak? Sini Pange bantu cek koneksi jaringannya Kak -Pange","1954220997638291714","","jjalemuel","in","","0","0","0","https://x.com/undefined/status/1954220997638291714","255409050",
"1954202358746853588","Sat Aug 09 16:39:26 +0000 2025","0","@Nescia_oriana @Nescia_oriana Pesan Kak Nescia akan dibalas sesuai antrean ya. Mohon ditunggu. -Beeru","1954220992735392031","","Nescia_oriana","in","","0","0","0","https://x.com/undefined/status/1954220992735392031","255409050",
"1954220944874258494","Sat Aug 09 16:39:15 +0000 2025","0","@Telkomsel kok gabales dm aku si","1954220944874258494","","Telkomsel","in","","0","1","0","https://x.com/undefined/status/1954220944874258494","1464887054",
"1954154580058771481","Sat Aug 09 16:38:49 +0000 2025","0","@Telkomsel Buat update apk tadi moas","1954220836807713240","","Telkomsel","in","","0","1","0","https://x.com/undefined/status/1954220836807713240","722765893227323396",
"1954215706654027928","Sat Aug 09 16:38:21 +0000 2025","0","@wkstuds Udah dari kapan jaringannya ga stabil Kak? Baru hari ini aja bukan Kak? -Pange","1954220717320384936","","wkstuds","in","","0","1","0","https://x.com/undefined/status/1954220717320384936","255409050",
"1954202358746853588","Sat Aug 09 16:37:52 +0000 2025","0","@Telkomsel Min jawab dm dong. Lemot banget nih dari kemaren","1954220596071444808","","Telkomsel","in","","0","1","0","https://x.com/undefined/status/1954220596071444808","369279510",
"1954214548564804092","Sat Aug 09 16:37:17 +0000 2025","0","@littledoyoungs Jaringannya ga stabil bukan Kak? -Pange","1954220449308803321","","littledoyoungs","in","","0","0","0","https://x.com/undefined/status/1954220449308803321","255409050",
